{
  "exp_auto_aug": {
    "val": {
      "overall": {
        "mAP50": 0.7162859121844606,
        "mAP50_95": 0.3928514068719863,
        "Precision": 0.8670499705269058,
        "Recall": 0.6386047564542702,
        "F1": 0.7354969568679749
      },
      "per_class": {
        "face": {
          "AP50": 0.7162859121844606,
          "AP50_95": 0.3928514068719863,
          "Prec": 0.8670499705269058,
          "Rec": 0.6386047564542702,
          "F1": 0.7354969568679749
        }
      }
    },
    "test": {
      "overall": {
        "mAP50": 0.7419937297872433,
        "mAP50_95": 0.4087538564441132,
        "Precision": 0.8785542150561699,
        "Recall": 0.6683209263854425,
        "F1": 0.7591513377859289
      },
      "per_class": {
        "face": {
          "AP50": 0.7419937297872433,
          "AP50_95": 0.4087538564441132,
          "Prec": 0.8785542150561699,
          "Rec": 0.6683209263854425,
          "F1": 0.7591513377859289
        }
      }
    }
  }
}